﻿code,term,broad,type
1,Residential & commercial development,Residential & commercial development,Stressor
1.1,Housing & urban areas,Residential & commercial development,Stressor
1.2,Commercial & industrial areas,Residential & commercial development,Stressor
1.3,Tourism & recreation areas,Residential & commercial development,Stressor
2,Agriculture & aquaculture,Agriculture & aquaculture,Stressor
2.1,Annual & perennial non-timber crops,Agriculture & aquaculture,Stressor
2.2,Wood & pulp plantations,Agriculture & aquaculture,Stressor
2.3,Livestock farming & ranching,Agriculture & aquaculture,Stressor
2.4,Marine & freshwater aquaculture,Agriculture & aquaculture,Stressor
3,Energy production & mining,Energy production & mining,Stressor
3.1,Oil & gas drilling,Energy production & mining,Stressor
3.2,Mining & quarrying,Energy production & mining,Stressor
3.3,Renewable energy,Energy production & mining,Stressor
4,Transportation & service corridors,Transportation & service corridors,Stressor
4.1,Roads & railroads,Transportation & service corridors,Stressor
4.2,Utility & service lines,Transportation & service corridors,Stressor
4.3,Shipping lanes,Transportation & service corridors,Stressor
4.4,Flight paths,Transportation & service corridors,Stressor
5,Biological resource use,Biological resource use,Stressor
5.1,Hunting & collecting terrestrial animals,Biological resource use,Stressor
5.2,Gathering terrestrial plants,Biological resource use,Stressor
5.3,Logging & wood harvesting,Biological resource use,Stressor
5.4,Fishing & harvesting aquatic resources,Biological resource use,Stressor
6,Human intrusions & disturbance,Human intrusions & disturbance,Stressor
6.1,Recreational activities,Human intrusions & disturbance,Stressor
6.2,"War, civil unrest & military exercises",Human intrusions & disturbance,Stressor
6.3,Work & other activities,Human intrusions & disturbance,Stressor
7,Natural system modifications,Natural system modifications,Stressor
7.1,Fire & fire suppression,Natural system modifications,Stressor
7.2,Dams & water management/use,Natural system modifications,Stressor
7.3,Other ecosystem modifications,Natural system modifications,Stressor
8,"Invasive & other problematic species, genes & diseases","Invasive & other problematic species, genes & diseases",Stressor
8.1,Invasive non-native/alien species/diseases,"Invasive & other problematic species, genes & diseases",Stressor
8.2,Problematic native species/diseases,"Invasive & other problematic species, genes & diseases",Stressor
8.3,Introduced genetic material,"Invasive & other problematic species, genes & diseases",Stressor
8.4,Problematic species/diseases of unknown origin,"Invasive & other problematic species, genes & diseases",Stressor
8.5,Viral/prion-induced diseases,"Invasive & other problematic species, genes & diseases",Stressor
8.6,Diseases of unknown cause,"Invasive & other problematic species, genes & diseases",Stressor
9,Pollution,Pollution,Stressor
9.1,Domestic & urban waste water,Pollution,Stressor
9.2,Industrial & military effluents,Pollution,Stressor
9.3,Agricultural & forestry effluents,Pollution,Stressor
9.4,Garbage & solid waste,Pollution,Stressor
9.5,Air-borne pollutants,Pollution,Stressor
9.6,Excess energy,Pollution,Stressor
10,Geological events,Geological events,Stressor
10.1,Volcanoes,Geological events,Stressor
10.2,Earthquakes/tsunamis,Geological events,Stressor
10.3,Avalanches/landslides,Geological events,Stressor
11,Climate change & severe weather,Climate change & severe weather,Stressor
11.1,Habitat shifting & alteration,Climate change & severe weather,Stressor
11.2,Droughts,Climate change & severe weather,Stressor
11.3,Temperature extremes,Climate change & severe weather,Stressor
11.4,Storms & flooding,Climate change & severe weather,Stressor
11.5,Other impacts,Climate change & severe weather,Stressor
13,Ecosystem/community stresses,Ecosystem/community stresses,Stressor
13.1,Ecosystem conversion,Ecosystem/community stresses,Stressor
13.2,Ecosystem degradation,Ecosystem/community stresses,Stressor
13.3,Indirect ecosystem effects,Ecosystem/community stresses,Stressor
14,Species stresses,Species stresses,Stressor
14.1,Species mortality,Species stresses,Stressor
14.2,Species disturbance,Species stresses,Stressor
14.3,Indirect species effects,Species stresses,Stressor
21,Genetic composition,Genetic composition,Outcome
21.1,Genetic diversity,Genetic composition,Outcome
21.2,Genetic differentiation,Genetic composition,Outcome
21.3,Effective population size,Genetic composition,Outcome
21.4,Inbreeding,Genetic composition,Outcome
22,Species populations,Species populations,Outcome
22.1,Species distributions,Species populations,Outcome
22.2,Species abundances,Species populations,Outcome
23,Species traits,Species traits,Outcome
23.1,Morphology,Species traits,Outcome
23.2,Physiology,Species traits,Outcome
23.3,Phenology,Species traits,Outcome
23.4,Movement,Species traits,Outcome
23.5,Reproduction,Species traits,Outcome
24,Community composition,Community composition,Outcome
24.1,Community abundance,Community composition,Outcome
24.2,Taxonomic/phylogenetic diversity,Community composition,Outcome
24.3,Trait diversity,Community composition,Outcome
24.4,Interaction diversity,Community composition,Outcome
25,Ecosystem functioning,Ecosystem functioning,Outcome
25.1,Primary productivity,Ecosystem functioning,Outcome
25.2,Ecosystem phenology,Ecosystem functioning,Outcome
25.3,Ecosystem disturbances,Ecosystem functioning,Outcome
26,Ecosystem structure,Ecosystem structure,Outcome
26.1,Live cover fraction,Ecosystem structure,Outcome
26.2,Ecosystem distribution,Ecosystem structure,Outcome
26.3,Ecosystem Vertical Profile,Ecosystem structure,Outcome