Threat category,Specific threat,Taxa,Habitat,Response,Study,Expert judgment,Journal,Year,Author,Link,Notes
Community composition,floral resources,Pollinators,Agriculture,Richness,,,"Agriculture, Ecosystems & Environment",2023,Donkersley et al,https://doi.org/10.1016/j.agee.2022.108254,
Community composition,floral resources,Pollinators,Agriculture,Abundance,,,"Agriculture, Ecosystems & Environment",2023,Donkersley et al,https://doi.org/10.1016/j.agee.2022.108254,
7.1 Fire & fire suppression,Fire,Bees,,Richness,,,Biological Conservation,2021,Mason Jr. et al,https://doi.org/10.1016/j.biocon.2021.109265,
7.1 Fire & fire suppression,Fire,Bees,,Abundance,,,Biological Conservation,2021,Mason Jr. et al,https://doi.org/10.1016/j.biocon.2021.109265,
7.1 Fire & fire suppression,Fire,Butterflies,,Richness,,,Biological Conservation,2021,Mason Jr. et al,https://doi.org/10.1016/j.biocon.2021.109265,
7.1 Fire & fire suppression,Fire,Butterflies,,Abundance,,,Biological Conservation,2021,Mason Jr. et al,https://doi.org/10.1016/j.biocon.2021.109265,
7.1 Fire & fire suppression,Fire,Ground beetles,,Richness,,,Biological Conservation,2021,Mason Jr. et al,https://doi.org/10.1016/j.biocon.2021.109265,
7.1 Fire & fire suppression,Fire,Ground beetles,,Abundance,,,Biological Conservation,2021,Mason Jr. et al,https://doi.org/10.1016/j.biocon.2021.109265,
Community composition,Floral resources,Pollinators,Agriculture,Richness,,,"Agriculture, Ecosystems & Environment",2021,Lowe et al,https://doi.org/10.1016/j.agee.2020.107290,
Community composition,Floral resources,Pollinators,Agriculture,Abundance,,,"Agriculture, Ecosystems & Environment",2021,Lowe et al,https://doi.org/10.1016/j.agee.2020.107290,
9.3.3 Herbicides & pesticides,Pesticide,Bees,,Mortality,,,Nature,2021,Siviter et al,https://doi.org/10.1038/s41586-021-03787-7,
2.3 Indirect species effects,Parasitic interactions,Bees,,Mortality,,,Nature,2021,Siviter et al,https://doi.org/10.1038/s41586-021-03787-7,
9.3.3 Herbicides & pesticides,Pesticide,Honeybees,,Mortality,,,Frontiers in Ecology and Evolution,2022,Bernardes et al,https://doi.org/10.3389/fevo.2022.845608,
9.3.3 Herbicides & pesticides,Pesticide,Bumblebees,,Mortality,,,Frontiers in Ecology and Evolution,2022,Bernardes et al,https://doi.org/10.3389/fevo.2022.845608,
9.3.3 Herbicides & pesticides,Pesticide,Stingless bees,,Mortality,,,Frontiers in Ecology and Evolution,2022,Bernardes et al,https://doi.org/10.3389/fevo.2022.845608,
9 Pollution,Other pollution,Insects,,Toxicity,,,De Gruyter ,2023,Thill et al,https://doi.org/10.1515/reveh-2023-0072,
7 Natural system modifications,Unspecific land use change,Rove beetles,,Diversity,,,Ecological Indicators,2021,Mendez-Rojas et al,https://doi.org/10.1016/j.ecolind.2020.107239,
1 Ecosystem/community stresses,Land configuration,Insects,,Richness,,,"Agriculture, Ecosystems & Environment",2022,Sanchez et al,https://doi.org/10.1016/j.agee.2022.107933,
9.3.1 Nutrient loads,Nitrogen,Insects,,Richness,,,Global Change Biology,2023,Gallego-Zamorano et al,https://doi.org/10.1111/gcb.16717,
9.3.1 Nutrient loads,Nitrogen,Insects,,Abundance,,,Global Change Biology,2023,Gallego-Zamorano et al,https://doi.org/10.1111/gcb.16717,
Community composition,Floral resources,Pollinators,,Richness,,,Ecological Solutions and Evidence,2023,Perez-Sanchez et al,https://doi.org/10.1002/2688-8319.12261,
Community composition,Floral resources,Pollinators,,Abundance,,,Ecological Solutions and Evidence,2023,Perez-Sanchez et al,https://doi.org/10.1002/2688-8319.12261,
8.1 Invasive non-native/alien species/diseases,Non-native plants,Insects,,Richness,,,Ecology,2020,Crystal-Ornelas et al,https://doi.org/10.1002/ecy.3082,
"8 Invasive & other problematic species, genes & diseases",Non-native animals,Insects,,Richness,,,Ecology,2020,Crystal-Ornelas et al,https://doi.org/10.1002/ecy.3082,
9.6.1 Light pollution,Light pollution,Insects,,Richness,,,Science in the Total Environment,2023,Vaz et al,https://doi.org/10.1016/j.scitotenv.2023.165967,
1 Residential & commercial development,Unspecific urbanization,Insects,,Richness,,,Science in the Total Environment,2023,Vaz et al,https://doi.org/10.1016/j.scitotenv.2023.165967,
9.6.1 Light pollution,Light pollution,Insects,,Abundance,,,Science in the Total Environment,2023,Vaz et al,https://doi.org/10.1016/j.scitotenv.2023.165967,
1 Residential & commercial development,Unspecific urbanization,Insects,,Abundance,,,Science in the Total Environment,2023,Vaz et al,https://doi.org/10.1016/j.scitotenv.2023.165967,
7 Natural system modifications,Management,Bees,,Richness,,,Journal of Applied Ecology,2017,Tonietto et al,https://doi.org/10.1111/1365-2664.13012,
7 Natural system modifications,Management,Bees,,Abundance,,,Journal of Applied Ecology,2017,Tonietto et al,https://doi.org/10.1111/1365-2664.13012,
Community composition,Urban greenspace,Insects,,Richness,,,Urban Forestry & Urban Greening,2022,Proske et al,https://doi.org/10.1016/j.ufug.2022.127714,
Community composition,Urban greenspace,Insects,,Abundance,,,Urban Forestry & Urban Greening,2022,Proske et al,https://doi.org/10.1016/j.ufug.2022.127714,
Ecosystem functioning,Plant availability,Butterflies,,Extinction,,,Heliyon,2022,Palash et al,https://doi.org/10.1016/j.heliyon.2022.e10290,
Community composition,Floral resources,Butterflies,,Extinction,,,Heliyon,2022,Palash et al,https://doi.org/10.1016/j.heliyon.2022.e10290,
1 Residential & commercial development,Unspecific urbanization,Insects,,Abundance,,,Science in the Total Environment,2022,Koranyi et al,https://doi.org/10.1016/j.scitotenv.2022.155396,
"8 Invasive & other problematic species, genes & diseases",Non-native animals,Insects,,Richness,,,Insect Conservation and Diversity,2023,Tercel et al,https://doi.org/10.1111/icad.12672,
"8 Invasive & other problematic species, genes & diseases",Non-native animals,Insects,,Abundance,,,Insect Conservation and Diversity,2023,Tercel et al,https://doi.org/10.1111/icad.12672,
9.3.1 Nutrient loads,Nitrogen,,,Abundance,,,Ecology,2022,Nessel et al,https://doi.org/10.1002/ecy.3897,
9.3.1 Nutrient loads,Phosphorus,,,Abundance,,,Ecology,2022,Nessel et al,https://doi.org/10.1002/ecy.3897,
2.1.3 Agro-industry farming,General agriculture,Insects,,Richness,,,Global Ecology and Biogeography,2008,Attwood et al, https://doi.org/10.1111/j.1466-8238.2008.00399.x,
2.1.3 Agro-industry farming,General agriculture,Insects,,Abundance,,,Global Ecology and Biogeography,2008,Attwood et al, https://doi.org/10.1111/j.1466-8238.2008.00399.x,
9.3.3 Herbicides & pesticides,Herbicide,Bees,,Mortality,,,Science in the Total Environment,2021,Battisti et al,https://doi.org/10.1016/j.scitotenv.2021.145397,
2.1.3 Agro-industry farming,General agriculture,Insects,,Richness,,,Journal of Applied Ecology,2005,Bentsson et al,https://doi.org/10.1111/j.1365-2664.2005.01005.x,organic farming
2.1.3 Agro-industry farming,General agriculture,Insects,,Abundance,,,Journal of Applied Ecology,2005,Bentsson et al,https://doi.org/10.1111/j.1365-2664.2005.01005.x,organic farming
2.1.3 Agro-industry farming,General agriculture,Carabids,,Richness,,,Journal of Applied Ecology,2005,Bentsson et al,https://doi.org/10.1111/j.1365-2664.2005.01005.x,organic farming
2.1.3 Agro-industry farming,General agriculture,Carabids,,Abundance,,,Journal of Applied Ecology,2005,Bentsson et al,https://doi.org/10.1111/j.1365-2664.2005.01005.x,organic farming
7.1 Fire & fire suppression,Fire,Insects,,Richness,,,Functional Ecology,2023,Bieber et al,https://doi-org.unr.idm.oclc.org/10.1111/1365-2435.14197,
7.1 Fire & fire suppression,Fire,Insects,,Eveness,,,Functional Ecology,2023,Bieber et al,https://doi-org.unr.idm.oclc.org/10.1111/1365-2435.14197,
7.1 Fire & fire suppression,Fire,Insects,,Diversity,,,Functional Ecology,2023,Bieber et al,https://doi-org.unr.idm.oclc.org/10.1111/1365-2435.14197,
7.1 Fire & fire suppression,Fire,Insects,,Abundance,,,Functional Ecology,2023,Bieber et al,https://doi-org.unr.idm.oclc.org/10.1111/1365-2435.14197,
7.1 Fire & fire suppression,Fire,Insects,,Growth,,,Functional Ecology,2023,Bieber et al,https://doi-org.unr.idm.oclc.org/10.1111/1365-2435.14197,
7.1 Fire & fire suppression,Fire,Insects,,Mass,,,Functional Ecology,2023,Bieber et al,https://doi-org.unr.idm.oclc.org/10.1111/1365-2435.14197,
7.1 Fire & fire suppression,Fire,Insects,,Density,,,Functional Ecology,2023,Bieber et al,https://doi-org.unr.idm.oclc.org/10.1111/1365-2435.14197,
9.3.3 Herbicides & pesticides,Insecticide,Honeybees,,Mortality,,,Journal of Applied Ecology,2020,Bird et al,https://doi.org/10.1111/1365-2664.13811,
2.3 Indirect species effects,Parasitic interactions,Honeybees,,Mortality,,,Journal of Applied Ecology,2020,Bird et al,https://doi.org/10.1111/1365-2664.13811,
2.1.3 Agro-industry farming,General agriculture,Ants,,Mutualisms,,,Acta Oecologica,2023,Bona et al,https://doi.org/10.1016/j.actao.2023.103893,
1 Ecosystem/community stresses,Habitat fragmentation,Ants,,Mutualisms,,,Acta Oecologica,2023,Bona et al,https://doi.org/10.1016/j.actao.2023.103893,
9.6.1 Light pollution,Light pollution,Moths,,Abundance,,,Insect Conservation and Diversity,2021,Boyes et al,https://doi.org/10.1111/icad.12447,
9.6.1 Light pollution,Light pollution,Moths,,Reproduction,,,Insect Conservation and Diversity,2021,Boyes et al,https://doi.org/10.1111/icad.12447,
9.6.1 Light pollution,Light pollution,Moths,,Movement,,,Insect Conservation and Diversity,2021,Boyes et al,https://doi.org/10.1111/icad.12447,
9.6.1 Light pollution,Light pollution,Moths,,Overwintering,,,Insect Conservation and Diversity,2021,Boyes et al,https://doi.org/10.1111/icad.12447,
9.6.1 Light pollution,Light pollution,Insects,,Abundance,,,Insect Conservation and Diversity,2021,Boyes et al,https://doi.org/10.1111/icad.12447,
1 Ecosystem/community stresses,Land configuration,Drosophila suzukii,,Abundance,,,Agricultural Forest Entomology,2022,Buck et al, https://doi.org/10.1111/afe.12531,
9.3.1 Nutrient loads,Nitrogen,Insects,,Abundance,,,Annals of Applied Ecology,2012,Butler et al,https://doi.org/10.1111/j.1744-7348.2012.00567.x,
9.3.1 Nutrient loads,Phosphorus,Insects,,Abundance,,,Annals of Applied Ecology,2012,Butler et al,https://doi.org/10.1111/j.1744-7348.2012.00567.x,
1 Ecosystem/community stresses,Edge effects,Insects,,Abundance,,,Journal of Insect Conservation,2020,Caitano et al,https://doi.org/10.1007/s10841-020-00227-1,
1 Ecosystem/community stresses,Edge effects,Insects,,Richness,,,Journal of Insect Conservation,2020,Caitano et al,https://doi.org/10.1007/s10841-020-00227-1,
7.1 Fire & fire suppression,Fire,Pollinators,,Abundance,,,Global Ecology and Biogeography,2019,Carbone et al,https://doi-org.unr.idm.oclc.org/10.1111/geb.12939,
7.1 Fire & fire suppression,Fire,Pollinators,,Richness,,,Global Ecology and Biogeography,2019,Carbone et al,https://doi-org.unr.idm.oclc.org/10.1111/geb.12939,
1 Ecosystem/community stresses,Land configuration,Insects,,Abundance,,,Ecology Letters,2011,Chaplin-Kramer et al., https://doi.org/10.1111/j.1461-0248.2011.01642.x,
1 Ecosystem/community stresses,Land configuration,Insects,,Richness,,,Ecology Letters,2011,Chaplin-Kramer et al., https://doi.org/10.1111/j.1461-0248.2011.01642.x,
1 Ecosystem/community stresses,Land configuration,Insects,,Predation,,,Ecology Letters,2011,Chaplin-Kramer et al., https://doi.org/10.1111/j.1461-0248.2011.01642.x,
8.1 Invasive non-native/alien species/diseases,Non-native plants,Pollinators,,Mutualisms,,,Ecology Letters,2017,Charlebois et al, https://doi.org/10.1111/ele.12831,
1 Ecosystem/community stresses,Land configuration,Bees,,Abundance,,,"Agriculture, Ecosystems & Environment",2018,Coutinho et al, https://doi.org/10.1016/j.agee.2017.12.025,
1 Ecosystem/community stresses,Land configuration,Bees,,Richness,,,"Agriculture, Ecosystems & Environment",2018,Coutinho et al, https://doi.org/10.1016/j.agee.2017.12.025,
2.1.3 Agro-industry farming,General agriculture,Bees,,Abundance,,,"Agriculture, Ecosystems & Environment",2018,Coutinho et al, https://doi.org/10.1016/j.agee.2017.12.025,
2.1.3 Agro-industry farming,General agriculture,Bees,,Richness,,,"Agriculture, Ecosystems & Environment",2018,Coutinho et al, https://doi.org/10.1016/j.agee.2017.12.025,
Ecosystem functioning,Plant availability,Insects,,Abundance,,,Ecology and Evolution,2016,Dassau et al,https://doi.org/10.1002/ece3.1917,
Ecosystem functioning,Plant availability,Insects,,Diversity,,,Ecology and Evolution,2016,Dassau et al,https://doi.org/10.1002/ece3.1917,
1 Ecosystem/community stresses,Edge effects,Insects,,Abundance,,,Environmental Entomology,2014,Guimaraes et al,https://doi.org/10.1603/EN13190,
1 Ecosystem/community stresses,Edge effects,Insects,,Richness,,,Environmental Entomology,2014,Guimaraes et al,https://doi.org/10.1603/EN13190,
1 Ecosystem/community stresses,Edge effects,Insects,,Food aquisition,,,Environmental Entomology,2014,Guimaraes et al,https://doi.org/10.1603/EN13190,
9.3.3 Herbicides & pesticides,Insecticide,Insects,,Abundance,,,PeerJ,2016,Douglas et al,https://doi.org/10.7717/peerj.2776,
1 Residential & commercial development,Unspecific urbanization,Lepidoptera,,Abundance,,,Global Ecology and Biogeography,2020,Fenoglio et al,https://doi.org/10.1111/geb.13107,
1 Residential & commercial development,Unspecific urbanization,Coleoptera,,Abundance,,,Global Ecology and Biogeography,2020,Fenoglio et al,https://doi.org/10.1111/geb.13107,
1 Residential & commercial development,Unspecific urbanization,Hymenoptera,,Abundance,,,Global Ecology and Biogeography,2020,Fenoglio et al,https://doi.org/10.1111/geb.13107,
1 Residential & commercial development,Unspecific urbanization,Diptera,,Abundance,,,Global Ecology and Biogeography,2020,Fenoglio et al,https://doi.org/10.1111/geb.13107,
1 Residential & commercial development,Unspecific urbanization,Lepidoptera,,Diversity,,,Global Ecology and Biogeography,2020,Fenoglio et al,https://doi.org/10.1111/geb.13107,
1 Residential & commercial development,Unspecific urbanization,Coleoptera,,Diversity,,,Global Ecology and Biogeography,2020,Fenoglio et al,https://doi.org/10.1111/geb.13107,
1 Residential & commercial development,Unspecific urbanization,Hymenoptera,,Diversity,,,Global Ecology and Biogeography,2020,Fenoglio et al,https://doi.org/10.1111/geb.13107,
1 Residential & commercial development,Unspecific urbanization,Diptera,,Diversity,,,Global Ecology and Biogeography,2020,Fenoglio et al,https://doi.org/10.1111/geb.13107,
Community composition,Trees,Insects,,Abundance,,,Biological Reviews,2021,Fleming et al,https://doi.org/10.1111/brv.12725,
1.2 Ecosystem degradation,Habitat degradation,Insects,,Diversity,,,Global Change Biology,2015,Fonturbel et al,https://doi.org/10.1111/gcb.13025,
1.2 Ecosystem degradation,Habitat degradation,Insects,,Community interactions,,,Global Change Biology,2015,Fonturbel et al,https://doi.org/10.1111/gcb.13025,
1 Ecosystem/community stresses,Habitat fragmentation,Insects,,Diversity,,,Global Change Biology,2015,Fonturbel et al,https://doi.org/10.1111/gcb.13025,
1 Ecosystem/community stresses,Habitat fragmentation,Insects,,Community interactions,,,Global Change Biology,2015,Fonturbel et al,https://doi.org/10.1111/gcb.13025,
5.3 Logging & wood harvesting,Deforestation,Insects,,Abundance,,,Conservation Biology,2019,Franco et al,https://doi.org/10.1111/cobi.13234,
5.3 Logging & wood harvesting,Deforestation,Insects,,Biomass,,,Conservation Biology,2019,Franco et al,https://doi.org/10.1111/cobi.13234,
5.3 Logging & wood harvesting,Deforestation,Insects,,Richness,,,Conservation Biology,2019,Franco et al,https://doi.org/10.1111/cobi.13234,
5.3 Logging & wood harvesting,Deforestation,Insects,,Diversity,,,Conservation Biology,2019,Franco et al,https://doi.org/10.1111/cobi.13234,
2.1.3 Agro-industry farming,General agriculture,Insects,,Abundance,,,"Agriculture, Ecosystems & Environment",2011,Garratt et al,https://doi.org/10.1016/j.agee.2011.03.014,
9.3.1 Nutrient loads,Fertilizer,Insects,,Abundance,,,"Agriculture, Ecosystems & Environment",2011,Garratt et al,https://doi.org/10.1016/j.agee.2011.03.014,
9.6.3 Noise pollution,Noise pollution,Insects,,General behavior,,,Frontiers in Ecology and Evolution,2022,Gomes et al,https://doi.org/10.3389/fevo.2022.827440,
7 Natural system modifications,Unspecific land use change,Insects,,Abundance,,,Environmental Monitoring and Assessment,2022,Gomes et al,https://doi.org/10.1007/s10661-022-10352-w,
11.2 Droughts,Extreme precipitation,Insects,,Food aquisition,,,New Phytologist,2021,Hamann et al, https://doi.org/10.1111/nph.17036,
9.3.1 Nutrient loads,Fertilizer,Insects,,Food aquisition,,,New Phytologist,2021,Hamann et al, https://doi.org/10.1111/nph.17036,
11.3 Temperature extremes,Temperature,Insects,,Food aquisition,,,New Phytologist,2021,Hamann et al, https://doi.org/10.1111/nph.17036,
11.2 Droughts,Extreme precipitation,Insects,,Growth,,,New Phytologist,2021,Hamann et al, https://doi.org/10.1111/nph.17036,
9.3.1 Nutrient loads,Fertilizer,Insects,,Growth,,,New Phytologist,2021,Hamann et al, https://doi.org/10.1111/nph.17036,
11.3 Temperature extremes,Temperature,Insects,,Growth,,,New Phytologist,2021,Hamann et al, https://doi.org/10.1111/nph.17036,
11.3 Temperature extremes,Temperature,Insects,,Abundance,,,New Phytologist,2021,Hamann et al, https://doi.org/10.1111/nph.17036,
11.2 Droughts,Extreme precipitation,Insects,,Abundance,,,New Phytologist,2021,Hamann et al, https://doi.org/10.1111/nph.17036,
11.3 Temperature extremes,Temperature,Insects,,Population,,,New Phytologist,2021,Hamann et al, https://doi.org/10.1111/nph.17036,
11.2 Droughts,Extreme precipitation,Insects,,Population,,,New Phytologist,2021,Hamann et al, https://doi.org/10.1111/nph.17036,
2.1.3 Agro-industry farming,General agriculture,Insects,,Abundance,,,Biodiversity Science,2022,Huang et al,10.17520/biods.2021243,organic farming
2.1.3 Agro-industry farming,General agriculture,Insects,,Richness,,,Biodiversity Science,2022,Huang et al,10.17520/biods.2021243,organic farming
2.1.3 Agro-industry farming,General agriculture,Insects,,Eveness,,,Biodiversity Science,2022,Huang et al,10.17520/biods.2021243,organic farming
Ecosystem functioning,Food nutritional value,Insects,,Mortality,,,Ecology,2004,Huberty et al,https://doi.org/10.1890/03-0352,
Ecosystem functioning,Food nutritional value,Insects,,Density,,,Ecology,2004,Huberty et al,https://doi.org/10.1890/03-0352,
Ecosystem functioning,Food nutritional value,Insects,,Reproductive behavior,,,Ecology,2004,Huberty et al,https://doi.org/10.1890/03-0352,
Ecosystem functioning,Food nutritional value,Insects,,Growth,,,Ecology,2004,Huberty et al,https://doi.org/10.1890/03-0352,
Ecosystem functioning,Food nutritional value,Insects,,Reproduction,,,Ecology,2004,Huberty et al,https://doi.org/10.1890/03-0352,
11.2 Droughts,Extreme precipitation,Insects,,Food aquisition,,,Global Change Biology,2011,Jactel et al,https://doi.org/10.1111/j.1365-2486.2011.02512.x,
9.3.3 Herbicides & pesticides,Pesticide,Insects,,Density,,,Ecology Letters,2021,Jansses et al,https://doi.org/10.1111/ele.13819,
11.2 Droughts,Extreme precipitation,Insects,,Mutualisms,,,Global Change Biology,2021,Kuppler et al, https://doi.org/10.1111/gcb.15621,
1.1 Ecosystem conversion,habitat homogenization,Insects,,Abundance,,,Ecological Applications,2011,Letourneau et al, https://doi.org/10.1890/09-2026.1,
11.2 Droughts,Extreme precipitation,Insects,,Reproduction,,,Ecology and Evolution,2021,Leybourne et al, https://doi.org/10.1002/ece3.7957,
11.2 Droughts,Extreme precipitation,Aphids,,Mortality,,,Ecology and Evolution,2021,Leybourne et al, https://doi.org/10.1002/ece3.7957,
11.2 Droughts,Extreme precipitation,Aphids,,Population,,,Ecology and Evolution,2021,Leybourne et al, https://doi.org/10.1002/ece3.7957,
11.2 Droughts,Extreme precipitation,Aphids,,Biomass,,,Ecology and Evolution,2021,Leybourne et al, https://doi.org/10.1002/ece3.7957,
11.2 Droughts,Extreme precipitation,Aphids,,Growth,,,Ecology and Evolution,2021,Leybourne et al, https://doi.org/10.1002/ece3.7957,
5.3 Logging & wood harvesting,Deforestation,Carabids,,Richness,,,Journal of Applied Ecology,2022,Lopez-Bedoya et al, https://doi.org/10.1111/1365-2664.14167,
5.3 Logging & wood harvesting,Deforestation,Carabids,,Abundance,,,Journal of Applied Ecology,2022,Lopez-Bedoya et al, https://doi.org/10.1111/1365-2664.14167,
5.3 Logging & wood harvesting,Deforestation,Carabids,,Biomass,,,Journal of Applied Ecology,2022,Lopez-Bedoya et al, https://doi.org/10.1111/1365-2664.14167,
1 Ecosystem/community stresses,Edge effects,Carabids,,Abundance,,,Acta Zoologica Academiae Scientiarum Hungaricae,2019,Magura et al,https://doi.org/10.17109/AZH.65.Suppl.3.2019,
9.3.3 Herbicides & pesticides,Insecticide,Insects,,Abundance,,,Ecological Applications,2018,Main et al,https://doi-org.unr.idm.oclc.org/10.1002/eap.1723,
9.3.3 Herbicides & pesticides,Insecticide,Insects,,Behavior,,,Ecological Applications,2018,Main et al,https://doi-org.unr.idm.oclc.org/10.1002/eap.1723,
9.3.3 Herbicides & pesticides,Insecticide,Insects,,Reproduction,,,Ecological Applications,2018,Main et al,https://doi-org.unr.idm.oclc.org/10.1002/eap.1723,
9.3.3 Herbicides & pesticides,Insecticide,Insects,,Survival,,,Ecological Applications,2018,Main et al,https://doi-org.unr.idm.oclc.org/10.1002/eap.1723,
1 Residential & commercial development,Unspecific urbanization,Carabids,,Abundance,,,Ecosphere,2013,Martinson et al,https://doi.org/10.1890/ES12-00262.1,
1 Residential & commercial development,Unspecific urbanization,Carabids,,Richness,,,Ecosphere,2013,Martinson et al,https://doi.org/10.1890/ES12-00262.1,
1 Ecosystem/community stresses,Habitat fragmentation,Insects,,Community interactions,,,Ecology Letters,2014,Martinson et al,https://doi.org/10.1111/ele.12305,
11.4 Storms & flooding,Storms,Aquatic insects,,Density,,,Ecological Applications,2012,McMullen et al,https://doi-org.unr.idm.oclc.org/10.1890/11-1650.1,
1.2 Ecosystem degradation,Habitat degradation,Pollinators,,Richness,,,Nature Communications,2021,Millard et al,https://doi.org/10.1038/s41467-021-23228-3,
1.2 Ecosystem degradation,Habitat degradation,Pollinators,,Abundance,,,Nature Communications,2021,Millard et al,https://doi.org/10.1038/s41467-021-23228-3,
"8 Invasive & other problematic species, genes & diseases",Non-native animals,Insects,,Mutualisms,,,Journal of Ecology,2012,Castano et al, https://doi.org/10.1111/j.1365-2745.2012.01968.x,
8.1 Invasive non-native/alien species/diseases,Non-native plants,Insects,,Mutualisms,,,Journal of Ecology,2012,Castano et al, https://doi.org/10.1111/j.1365-2745.2012.01968.x,
8.1 Invasive non-native/alien species/diseases,Unspecific non-native species,Insects,,Richness,,,Journal of Ecology,2012,Castano et al, https://doi.org/10.1111/j.1365-2745.2012.01968.x,
8.1 Invasive non-native/alien species/diseases,Unspecific non-native species,Insects,,Abundance,,,Journal of Ecology,2012,Castano et al, https://doi.org/10.1111/j.1365-2745.2012.01968.x,
8.1 Invasive non-native/alien species/diseases,Unspecific non-native species,Insects,,Mutualisms,,,Journal of Ecology,2012,Castano et al, https://doi.org/10.1111/j.1365-2745.2012.01968.x,
7 Natural system modifications,Unspecific habitat modification,Insects,,Richness,,,Journal of Ecology,2012,Castano et al, https://doi.org/10.1111/j.1365-2745.2012.01968.x,
7 Natural system modifications,Unspecific habitat modification,Insects,,Abundance,,,Journal of Ecology,2012,Castano et al, https://doi.org/10.1111/j.1365-2745.2012.01968.x,
7 Natural system modifications,Unspecific habitat modification,Insects,,Mutualisms,,,Journal of Ecology,2012,Castano et al, https://doi.org/10.1111/j.1365-2745.2012.01968.x,
11.5 Other impacts,CO2,Insects,,Food aquisition,,,The American Naturalist,2016,Mundim et al,https://doi.org/10.1086/687530,
11 Climate change & severe weather,Precipitation,Insects,,Food aquisition,,,The American Naturalist,2016,Mundim et al,https://doi.org/10.1086/687530,
11.3 Temperature extremes,Temperature,Insects,,Food aquisition,,,The American Naturalist,2016,Mundim et al,https://doi.org/10.1086/687530,
11.5 Other impacts,CO2,Insects,,Size,,,The American Naturalist,2016,Mundim et al,https://doi.org/10.1086/687530,
11 Climate change & severe weather,Precipitation,Insects,,Size,,,The American Naturalist,2016,Mundim et al,https://doi.org/10.1086/687530,
11.3 Temperature extremes,Temperature,Insects,,Size,,,The American Naturalist,2016,Mundim et al,https://doi.org/10.1086/687530,
9.3.1 Nutrient loads,Nitrogen,Insects,,Abundance,,,Biological Reviews,2021,Nessel et al, https://doi.org/10.1111/brv.12771,
9.3.1 Nutrient loads,Nitrogen,Insects,,Biomass,,,Biological Reviews,2021,Nessel et al, https://doi.org/10.1111/brv.12771,
9.3.1 Nutrient loads,Nitrogen,Insects,,Richness,,,Biological Reviews,2021,Nessel et al, https://doi.org/10.1111/brv.12771,
9.3.1 Nutrient loads,Phosphorus,Insects,,Abundance,,,Biological Reviews,2021,Nessel et al, https://doi.org/10.1111/brv.12771,
9.3.1 Nutrient loads,Phosphorus,Insects,,Biomass,,,Biological Reviews,2021,Nessel et al, https://doi.org/10.1111/brv.12771,
9.3.1 Nutrient loads,Phosphorus,Insects,,Richness,,,Biological Reviews,2021,Nessel et al, https://doi.org/10.1111/brv.12771,
1 Ecosystem/community stresses,Habitat fragmentation,Carabids,,Abundance,,,Biological Conservation,2007,Nichols et al,https://doi.org/10.1016/j.biocon.2007.01.023,
1 Ecosystem/community stresses,Habitat fragmentation,Carabids,,Richness,,,Biological Conservation,2007,Nichols et al,https://doi.org/10.1016/j.biocon.2007.01.023,
1 Ecosystem/community stresses,Habitat fragmentation,Carabids,,Eveness,,,Biological Conservation,2007,Nichols et al,https://doi.org/10.1016/j.biocon.2007.01.023,
7.3 Other ecosystem modifications,Habitat modification,Carabids,,Abundance,,,Biological Conservation,2007,Nichols et al,https://doi.org/10.1016/j.biocon.2007.01.023,
7.3 Other ecosystem modifications,Habitat modification,Carabids,,Richness,,,Biological Conservation,2007,Nichols et al,https://doi.org/10.1016/j.biocon.2007.01.023,
7.3 Other ecosystem modifications,Habitat modification,Carabids,,Eveness,,,Biological Conservation,2007,Nichols et al,https://doi.org/10.1016/j.biocon.2007.01.023,
7.1 Fire & fire suppression,Fire,Pollinators,,Abundance,,,Global Change Biology,2019,Nicholson et al, https://doi.org/10.1111/gcb.14840,
7.1 Fire & fire suppression,Fire,Pollinators,,Richness,,,Global Change Biology,2019,Nicholson et al, https://doi.org/10.1111/gcb.14840,
8.1 Invasive non-native/alien species/diseases,Non-native plants,Insects,,Abundance,,,Global Change Biology,2021,Ning et al,https://doi.org/10.1111/gcb.15765,
8.1 Invasive non-native/alien species/diseases,Non-native plants,Insects,,Diversity,,,Global Change Biology,2021,Ning et al,https://doi.org/10.1111/gcb.15765,
1 Residential & commercial development,Unspecific urbanization,Mosquitos,,Abundance,,,Global Change Biology,2022,Perrin et al, https://doi.org/10.1111/gcb.16406,
1 Residential & commercial development,Unspecific urbanization,Mosquitos,,Diversity,,,Global Change Biology,2022,Perrin et al, https://doi.org/10.1111/gcb.16406,
5.3 Logging & wood harvesting,Deforestation,Mosquitos,,Abundance,,,Global Change Biology,2022,Perrin et al, https://doi.org/10.1111/gcb.16406,
5.3 Logging & wood harvesting,Deforestation,Mosquitos,,Diversity,,,Global Change Biology,2022,Perrin et al, https://doi.org/10.1111/gcb.16406,
2.1.3 Agro-industry farming,General agriculture,Mosquitos,,Abundance,,,Global Change Biology,2022,Perrin et al, https://doi.org/10.1111/gcb.16406,
2.1.3 Agro-industry farming,General agriculture,Mosquitos,,Diversity,,,Global Change Biology,2022,Perrin et al, https://doi.org/10.1111/gcb.16406,
9.3.1 Nutrient loads,Phosphorus,Insects,,Abundance,,,Global Ecology and Biogeography,2020,Prather et al,https://doi.org/10.1111/geb.13196,
9.3.1 Nutrient loads,Nitrogen,Insects,,Abundance,,,Global Ecology and Biogeography,2020,Prather et al,https://doi.org/10.1111/geb.13196,
11.5 Other impacts,CO2,Insects,,Growth,,,New Phytologist,2012,Robinson et al,https://doi.org/10.1111/j.1469-8137.2012.04074.x,
11.5 Other impacts,CO2,Insects,,Food aquisition,,,New Phytologist,2012,Robinson et al,https://doi.org/10.1111/j.1469-8137.2012.04074.x,
11.5 Other impacts,CO2,Insects,,Abundance,,,New Phytologist,2012,Robinson et al,https://doi.org/10.1111/j.1469-8137.2012.04074.x,
11.5 Other impacts,CO2,Insects,,Size,,,New Phytologist,2012,Robinson et al,https://doi.org/10.1111/j.1469-8137.2012.04074.x,
11.5 Other impacts,CO2,Insects,,Reproduction,,,New Phytologist,2012,Robinson et al,https://doi.org/10.1111/j.1469-8137.2012.04074.x,
11.5 Other impacts,CO2,Insects,,Survival,,,New Phytologist,2012,Robinson et al,https://doi.org/10.1111/j.1469-8137.2012.04074.x,
11.5 Other impacts,CO2,Insects,,Trophic interactions,,,Climate Change Responses,2014,Rosenblatt et al,https://doi.org/10.1186/s40665-014-0008-y,
11.3 Temperature extremes,Temperature,Insects,,Trophic interactions,,,Climate Change Responses,2014,Rosenblatt et al,https://doi.org/10.1186/s40665-014-0008-y,
11 Climate change & severe weather,Precipitation,Insects,,Trophic interactions,,,Climate Change Responses,2014,Rosenblatt et al,https://doi.org/10.1186/s40665-014-0008-y,
1 Ecosystem/community stresses,Habitat fragmentation,Insects,,Abundance,,,Ecology Letters,2017,Rossetti et al,https://doi.org/10.1111/ele.12723,
1 Ecosystem/community stresses,Habitat fragmentation,Insects,,Richness,,,Ecology Letters,2017,Rossetti et al,https://doi.org/10.1111/ele.12723,
1 Ecosystem/community stresses,Habitat fragmentation,Insects,,Food aquisition,,,Ecology Letters,2017,Rossetti et al,https://doi.org/10.1111/ele.12723,
7 Natural system modifications,Tillage,Insects,,Diversity,,,"Agriculture, Ecosystems & Environment",2020,Rowen et al,https://doi.org/10.1016/j.agee.2020.106849,
7 Natural system modifications,Tillage,Insects,,Abundance,,,"Agriculture, Ecosystems & Environment",2020,Rowen et al,https://doi.org/10.1016/j.agee.2020.106849,
1 Residential & commercial development,Unspecific urbanization,Insects,,Diversity,,,Urban Ecosystems,2016,Saari et al,https://doi.org/10.1007/s11252-016-0549-x,
1 Residential & commercial development,Unspecific urbanization,Insects,,Abundance,,,Urban Ecosystems,2016,Saari et al,https://doi.org/10.1007/s11252-016-0549-x,
8.1 Invasive non-native/alien species/diseases,Non-native plants,Insects,,Abundance,,,Global Change Biology,2015,Schirmel et al,https://doi.org/10.1111/gcb.13093,
8.1 Invasive non-native/alien species/diseases,Non-native plants,Insects,,Diversity,,,Global Change Biology,2015,Schirmel et al,https://doi.org/10.1111/gcb.13093,
8.1 Invasive non-native/alien species/diseases,Non-native plants,Insects,,Reproduction,,,Global Change Biology,2015,Schirmel et al,https://doi.org/10.1111/gcb.13093,
9.3.3 Herbicides & pesticides,Insecticide,Bees,,Cognition,,,Journal of Applied Ecology,2018,Siviter et al, https://doi.org/10.1111/1365-2664.13193,
9.3.3 Herbicides & pesticides,Insecticide,Bees,,Growth,,,Ecology Letters,2021,Siviter et al,https://doi.org/10.1111/ele.13873,
9.3.3 Herbicides & pesticides,Insecticide,Bees,,Colony,,,Ecology Letters,2021,Siviter et al,https://doi.org/10.1111/ele.13873,
9.3.3 Herbicides & pesticides,Insecticide,Bees,,Reproduction,,,Ecology Letters,2021,Siviter et al,https://doi.org/10.1111/ele.13873,
11.5 Other impacts,CO2,Insects,,Growth,,,Global Change Biology,2007,Stiling et al,https://doi.org/10.1111/j.1365-2486.2007.01392.x,
11.5 Other impacts,CO2,Insects,,Survival,,,Global Change Biology,2007,Stiling et al,https://doi.org/10.1111/j.1365-2486.2007.01392.x,
11.5 Other impacts,CO2,Insects,,Food aquisition,,,Global Change Biology,2007,Stiling et al,https://doi.org/10.1111/j.1365-2486.2007.01392.x,
11.5 Other impacts,CO2,Insects,,Size,,,Global Change Biology,2007,Stiling et al,https://doi.org/10.1111/j.1365-2486.2007.01392.x,
11.5 Other impacts,CO2,Insects,,Abundance,,,Global Change Biology,2007,Stiling et al,https://doi.org/10.1111/j.1365-2486.2007.01392.x,
1 Residential & commercial development,Unspecific urbanization,Insects,,Abundance,,,Science in the Total Environment,2023,Szabo et al,https://doi.org/10.1016/j.scitotenv.2022.160145,
1 Residential & commercial development,Unspecific urbanization,Insects,,Richness,,,Science in the Total Environment,2023,Szabo et al,https://doi.org/10.1016/j.scitotenv.2022.160145,
9.3.3 Herbicides & pesticides,Insecticide,Parasitoids,,Reproduction,,,Chemosphere,2019,Teder et al,https://doi.org/10.1016/j.chemosphere.2018.09.132,
11.5 Other impacts,CO2,Insects,,Growth,,,Global Change Biology,2006,Valkama et al,https://doi.org/10.1111/j.1365-2486.2006.01284.x,
11.5 Other impacts,CO2,Insects,,Size,,,Global Change Biology,2006,Valkama et al,https://doi.org/10.1111/j.1365-2486.2006.01284.x,
11.5 Other impacts,CO2,Insects,,Reproduction,,,Global Change Biology,2006,Valkama et al,https://doi.org/10.1111/j.1365-2486.2006.01284.x,
11.5 Other impacts,CO2,Insects,,Food aquisition,,,Global Change Biology,2006,Valkama et al,https://doi.org/10.1111/j.1365-2486.2006.01284.x,
11.5 Other impacts,CO2,Insects,,Survival,,,Global Change Biology,2006,Valkama et al,https://doi.org/10.1111/j.1365-2486.2006.01284.x,
7.1 Fire & fire suppression,Fire,Ants,,Abundance,,,Biological Conservation,2017,Vasconcelos et al,https://doi-org.unr.idm.oclc.org/10.1007/s10531-016-1234-3,
7.1 Fire & fire suppression,Fire,Ants,,Richness,,,Biological Conservation,2017,Vasconcelos et al,https://doi-org.unr.idm.oclc.org/10.1007/s10531-016-1234-3,
7.3 Other ecosystem modifications,Habitat modification,Insects,,Richness,,,Environmental Evidence,2018,Villemey et al,https://doi.org/10.1186/s13750-018-0117-3,
8.1 Invasive non-native/alien species/diseases,Non-native plants,Moths,,Abundance,,,Oecologia,2015,Yoon et al,https://doi.org/10.1007/s00442-016-3560-2,
8.1 Invasive non-native/alien species/diseases,Non-native plants,Moths,,Richness,,,Oecologia,2015,Yoon et al,https://doi.org/10.1007/s00442-016-3560-2,
8.1 Invasive non-native/alien species/diseases,Non-native plants,Moths,,Survival,,,Oecologia,2015,Yoon et al,https://doi.org/10.1007/s00442-016-3560-2,
8.1 Invasive non-native/alien species/diseases,Non-native plants,Moths,,Size,,,Oecologia,2015,Yoon et al,https://doi.org/10.1007/s00442-016-3560-2,
11.5 Other impacts,CO2,Insects,,Health,,,Global Change Biology,2015,Zvereva et al, https://doi.org/10.1111/j.1365-2486.2005.01086.x,
11.3 Temperature extremes,Temperature,Insects,,Health,,,Global Change Biology,2015,Zvereva et al, https://doi.org/10.1111/j.1365-2486.2005.01086.x,
9.5 Air-borne pollutants,Air pollution,Insects,,Richness,,,Environmental Science and Pollution Research,2010,Zvereva et al,https://doi.org/10.1007/s11356-009-0138-0,
9.5 Air-borne pollutants,Air pollution,Insects,,Density,,,Environmental Science and Pollution Research,2010,Zvereva et al,https://doi.org/10.1007/s11356-009-0138-0,
9.5 Air-borne pollutants,Air pollution,Insects,,Diversity,,,Environmental Science and Pollution Research,2010,Zvereva et al,https://doi.org/10.1007/s11356-009-0138-0,