TAXA_TERM,GENUS_ISH,FAMILY_ISH,ORDER,CLASS
ants,,ants,Hymenoptera,insects
Aphidophagous ladybirds,,coccinellids,Coleoptera,insects
Apis cerana,honeybees,bees,Hymenoptera,insects
Apis mellifera,honeybees,bees,Hymenoptera,insects
aquatic insects,,,,insects
autotrophs,,,,insects
bark beetles,,,Coleoptera,insects
bees,,bees,Hymenoptera,insects
beetles,,,Coleoptera,insects
beneficial insects,,,,insects
Bombus pascuoru,bumblebees,bees,Hymenoptera,insects
Bombus terrestris,bumblebees,bees,Hymenoptera,insects
Bombus terricola,bumblebees,bees,Hymenoptera,insects
Bombus vosnesenskii,bumblebees,bees,Hymenoptera,insects
Buenoa tarsalis,,,Hemiptera,insects
bumblebees,bumblebees,bees,Hymenoptera,insects
butterflies,,,Lepidoptera,insects
carabids,,carabids,Coleoptera,insects
coccinellids,,coccinellids,Coleoptera,insects
Coleoptera,,,Coleoptera,insects
Colletes floralis,solitary bees,bees,Hymenoptera,insects
Colletes inaequalis,solitary bees,bees,Hymenoptera,insects
Costora iena,Costora,,Trichoptera,insects
damselflies,,,Odonata,insects
Danaus plexippus,,butterflies,Lepidoptera,insects
decomposers,,,,insects
defoliators,,,,insects
Diptera,,,Diptera,insects
dung beetles,,,Coleoptera,insects
Epigeous insects,,,,insects
fireflies,,fireflies,Coleoptera,insects
flies,,,Diptera,insects
floral insects,,,,insects
freshwater insects,,,,insects
ground beetles,,ground beetles,Coleoptera,insects
Hemiptera,,,Hemiptera,insects
herbivores,,,,insects
herbivorous insects,,,,insects
honeybees,honeybees,bees,Hymenoptera,insects
honeydew feeders,,,,insects
hoverflies,,hover flies,Diptera,insects
Hybomorphus melanosomus,,,Coleoptera,insects
Hymenoptera,,,Hymenoptera,insects
insects,,,,insects
leaf miners,,,,insects
Lepidoptera,,,Lepidoptera,insects
managed bees,,bees,Hymenoptera,insects
managed pollinators,,,,insects
Mason bees,solitary bees,bees,Hymenoptera,insects
moths,,moths,Lepidoptera,insects
Nasonia vitripennis,,wasps,Hymenoptera,insects
native pollinators,,,,insects
natural enemies,,,,insects
necrophagous insects,,,,insects
nocturnal insects,,,,insects
Orthoptera,,,Orthoptera,insects
Osmia cornuta,solitary bees,bees,Hymenoptera,insects
Osmia lignaria,solitary bees,bees,Hymenoptera,insects
parasitoids,,,,insects
pests,,,,insects
pollinators,,,,insects
predatory insects,,,,insects
rove beetles,,rove beetles,Coleoptera,insects
sap feeders,,,,insects
social bees,,bees,Hymenoptera,insects
social insects,,,,insects
solitary bees,,bees,Hymenoptera,insects
stingless bees,,bees,Hymenoptera,insects
subterranean species,,,,insects
terrestrial insects,,,,insects
true bugs,,,Hemiptera,insects
wasps,,,Hymenoptera,insects
wild bees,,bees,Hymenoptera,insects
wild pollinators,,,,insects
wood borers,,,Coleoptera,insects
Xylocopa virginica,carpenter bees,bees,Hymenoptera,insects