Term,Main_driver,Sub1,Sub2,Sub3,n
co2,Climate,CO2,CO2,,4
increased carbon dioxide,Climate,CO2,CO2,,1
increasing co2,Climate,CO2,CO2,,5
drought,Climate,Extreme events,Extreme precipitation,,51
extreme precipitation,Climate,Extreme events,Extreme precipitation,,5
extreme heat,Climate,Extreme events,Extreme temperature,,6
extreme temperature,Climate,Extreme events,Extreme temperature,,10
heat stress,Climate,Extreme events,Extreme temperature,,16
heat waves,Climate,Extreme events,Extreme temperature,,2
increasing temperature fluctuation,Climate,Extreme events,Extreme temperature,,1
environmental stochasticity,Climate,Extreme events,Unspecific extreme weather,,1
extreme events,Climate,Extreme events,Unspecific extreme weather,,12
extreme weather,Climate,Extreme events,Unspecific extreme weather,,9
precipitation,Climate,Precipitation,Precipitation,,7
reduced precipitation,Climate,Precipitation,Precipitation,,1
reduced snowpack,Climate,Precipitation,Snow,,2
snow cover,Climate,Precipitation,Snow,,2
snowpack,Climate,Precipitation,Snow,,6
global warming,Climate,Temperature,Temperature,,1
high temperature,Climate,Temperature,Temperature,,1
increased temperature,Climate,Temperature,Temperature,,2
increasing solar radiation,Climate,Temperature,Temperature,,1
increasing temperature,Climate,Temperature,Temperature,,14
low temperature,Climate,Temperature,Temperature,,1
maximum temperature,Climate,Temperature,Temperature,,1
minimum temperature,Climate,Temperature,Temperature,,3
rising temperature,Climate,Temperature,Temperature,,3
temperature,Climate,Temperature,Temperature,,30
temperature change,Climate,Temperature,Temperature,,2
temperature warming,Climate,Temperature,Temperature,,18
warming,Climate,Temperature,Temperature,,34
warming temperature,Climate,Temperature,Temperature,,6
warm winter,Climate,Temperature,Winter temperature,,2
winter temperature,Climate,Temperature,Winter temperature,,3
winter warming,Climate,Temperature,Winter temperature,,6
winter warmth,Climate,Temperature,Winter temperature,,1
climate change,Climate,General climate change,Unspecific climate change,,252
colony collapse,Colony,Colony,Colony,,2
colony declines,Colony,Colony,Colony,,2
colony density,Colony,Colony,Colony,,1
colony development,Colony,Colony,Colony,,1
colony fitness,Colony,Colony,Colony,,3
colony growth,Colony,Colony,Colony,,5
colony health,Colony,Colony,Colony,,33
colony losses,Colony,Colony,Colony,,1
colony performance,Colony,Colony,Colony,,1
colony reproduction,Colony,Colony,Colony,,1
colony size,Colony,Colony,Colony,,1
colony success,Colony,Colony,Colony,,6
colony survival,Colony,Colony,Colony,,7
honey production,Colony,Colony,Colony,,4
apparent competition,Community Interactions,Competition,Competition,,2
competition,Community Interactions,Competition,Competition,,32
competitive displacement,Community Interactions,Competition,Competition,,1
competitive exclusion,Community Interactions,Competition,Competition,,2
community interactions,Community Interactions,Mutualisms,Mutualisms,,2
mutualisms,Community Interactions,Mutualisms,Mutualisms,,4
obligate symbioses,Community Interactions,Mutualisms,Mutualisms,,4
pollinator interactions,Community Interactions,Mutualisms,Mutualisms,,3
pollinator networks,Community Interactions,Mutualisms,Mutualisms,,8
symbionts,Community Interactions,Mutualisms,Mutualisms,,4
tending,Community Interactions,Mutualisms,Mutualisms,,2
ectoparasite mites,Community Interactions,Parasitic interactions,Parasitic interactions,,2
insect parasites,Community Interactions,Parasitic interactions,Parasitic interactions,,1
insect pests,Community Interactions,Parasitic interactions,Parasitic interactions,,1
mites,Community Interactions,Parasitic interactions,Parasitic interactions,,14
parasites,Community Interactions,Parasitic interactions,Parasitic interactions,,66
parasitic mites,Community Interactions,Parasitic interactions,Parasitic interactions,,1
parasitism,Community Interactions,Parasitic interactions,Parasitic interactions,,15
pests,Community Interactions,Parasitic interactions,Parasitic interactions,,26
mammals,Community Interactions,Trophic interactions,Trophic interactions,,4
mismatch,Community Interactions,Trophic interactions,Trophic interactions,,23
predation,Community Interactions,Trophic interactions,Trophic interactions,,21
predators,Community Interactions,Trophic interactions,Trophic interactions,,3
prey contamination,Community Interactions,Trophic interactions,Trophic interactions,,2
prey decline,Community Interactions,Trophic interactions,Trophic interactions,,2
prey mismatch,Community Interactions,Trophic interactions,Trophic interactions,,4
prey phenology,Community Interactions,Trophic interactions,Trophic interactions,,2
altered fire regimes,Disturbance,Fire,Fire,,2
fire,Disturbance,Fire,Fire,,33
fire frequency,Disturbance,Fire,Fire,,3
fire severity,Disturbance,Fire,Fire,,11
fire size,Disturbance,Fire,Fire,,2
fire timing,Disturbance,Fire,Fire,,1
prescribed burn,Disturbance,Fire,Fire,,9
floods,Disturbance,Storms,Storms,,10
hurricanes,Disturbance,Storms,Storms,,6
storms,Disturbance,Storms,Storms,,5
anthropogenic disturbance,Disturbance,Unspecific disturbance,Unspecific disturbance,,1
disturbance,Disturbance,Unspecific disturbance,Unspecific disturbance,,1
disturbance regimes,Disturbance,Unspecific disturbance,Unspecific disturbance,,1
trampling,Disturbance,Unspecific disturbance,Unspecific disturbance,,1
allee effects,Genetics,Genetics,Genetics,,3
gene flow,Genetics,Genetics,Genetics,,11
genetic diversity,Genetics,Genetics,Genetics,,21
hybridization,Genetics,Genetics,Genetics,,2
inbreeding,Genetics,Genetics,Genetics,,4
introgression,Genetics,Genetics,Genetics,,8
selection,Genetics,Genetics,Genetics,,2
selective breeding,Genetics,Genetics,Genetics,,2
floral community,Habitat quality,Food,Floral resources,,2
floral diversity,Habitat quality,Food,Floral resources,,16
floral quality,Habitat quality,Food,Floral resources,,2
floral quantity,Habitat quality,Food,Floral resources,,2
floral resources,Habitat quality,Food,Floral resources,,180
floral scents,Habitat quality,Food,Floral resources,,2
flower availability,Habitat quality,Food,Floral resources,,2
flower phenology,Habitat quality,Food,Floral resources,,2
flower strips,Habitat quality,Food,Floral resources,,4
forb diversity,Habitat quality,Food,Floral resources,,1
loss of floral diversity,Habitat quality,Food,Floral resources,,1
loss of floral resources,Habitat quality,Food,Floral resources,,1
c:n,Habitat quality,Food,Food nutritional value,,2
food quality,Habitat quality,Food,Food nutritional value,,4
honeydew,Habitat quality,Food,Food nutritional value,,4
host plant quality,Habitat quality,Food,Food nutritional value,,14
leaf quality,Habitat quality,Food,Food nutritional value,,8
nectar quality,Habitat quality,Food,Food nutritional value,,6
nutrients,Habitat quality,Food,Food nutritional value,,3
plant quality,Habitat quality,Food,Food nutritional value,,43
plant toughness,Habitat quality,Food,Food nutritional value,,2
phytochemicals,Habitat quality,Food,Other plant traits,,3
plant biomass,Habitat quality,Food,Other plant traits,,2
plant defenses,Habitat quality,Food,Other plant traits,,2
plant growth,Habitat quality,Food,Other plant traits,,4
plant morphology,Habitat quality,Food,Other plant traits,,6
plant respiration,Habitat quality,Food,Other plant traits,,2
plant volatiles,Habitat quality,Food,Other plant traits,,6
pollen quality,Habitat quality,Food,Other plant traits,,6
secondary metabolites,Habitat quality,Food,Other plant traits,,2
food availability,Habitat quality,Food,Plant availability,,4
food plants,Habitat quality,Food,Plant availability,,2
food resources,Habitat quality,Food,Plant availability,,4
forage resources,Habitat quality,Food,Plant availability,,1
foraging resources,Habitat quality,Food,Plant availability,,22
foraging sites,Habitat quality,Food,Plant availability,,14
host plants,Habitat quality,Food,Plant availability,,14
lack of food resources,Habitat quality,Food,Plant availability,,1
larval food plants,Habitat quality,Food,Plant availability,,2
leaf resources,Habitat quality,Food,Plant availability,,4
native plants,Habitat quality,Food,Plant availability,,20
plant availability,Habitat quality,Food,Plant availability,,2
plant community,Habitat quality,Food,Plant availability,,52
plant community composition,Habitat quality,Food,Plant availability,,8
plant distributional change,Habitat quality,Food,Plant availability,,6
plant diversity,Habitat quality,Food,Plant availability,,14
plant phenology,Habitat quality,Food,Plant availability,,37
plant quantity,Habitat quality,Food,Plant availability,,5
plant resources,Habitat quality,Food,Plant availability,,46
plant richness,Habitat quality,Food,Plant availability,,2
plants,Habitat quality,Food,Plant availability,,6
weedy resources,Habitat quality,Food,Plant availability,,4
wild plant resources,Habitat quality,Food,Plant availability,,1
wildflower strips,Habitat quality,Food,Plant availability,,1
resource availability,Habitat quality,Food,Plant availability,,4
microclimate,Habitat quality,Habitat,Microhabitat,,2
microclimates,Habitat quality,Habitat,Microhabitat,,2
microhabitat,Habitat quality,Habitat,Microhabitat,,11
nesting resources,Habitat quality,Habitat,Nesting habitat,,16
nesting sites,Habitat quality,Habitat,Nesting habitat,,47
fallow fields,Habitat quality,Habitat,Other beneficial habitat,,2
foraging habitat,Habitat quality,Habitat,Other beneficial habitat,,2
grasslands,Habitat quality,Habitat,Other beneficial habitat,,2
habitat quality,Habitat quality,Habitat,Other beneficial habitat,,10
hedgerows,Habitat quality,Habitat,Other beneficial habitat,,14
native habitat (not forest),Habitat quality,Habitat,Other beneficial habitat,,3
native species,Habitat quality,Habitat,Other beneficial habitat,,1
natural habitat,Habitat quality,Habitat,Other beneficial habitat,,3
dead plant material,Habitat quality,Habitat,Soil,,2
dead wood,Habitat quality,Habitat,Soil,,2
ground impacting,Habitat quality,Habitat,Soil,,2
ground microclimate,Habitat quality,Habitat,Soil,,2
soil structure,Habitat quality,Habitat,Soil,,4
soil temperature,Habitat quality,Habitat,Soil,,2
canopy cover,Habitat quality,Habitat,Trees,,6
cloud forest,Habitat quality,Habitat,Trees,,2
native forest,Habitat quality,Habitat,Trees,,3
native plantings,Habitat quality,Habitat,Trees,,1
native trees,Habitat quality,Habitat,Trees,,2
secondary forest age,Habitat quality,Habitat,Trees,,4
tree abundance,Habitat quality,Habitat,Trees,,2
tree health,Habitat quality,Habitat,Trees,,4
tree structure,Habitat quality,Habitat,Trees,,2
gardens,Habitat quality,Habitat,Urban greenspace,,20
green spaces,Habitat quality,Habitat,Urban greenspace,,9
aquifers,Habitat quality,Habitat,Water,,6
water availability,Habitat quality,Habitat,Water,,4
water quality,Habitat quality,Habitat,Water,,10
water temperature,Habitat quality,Habitat,Water,,2
wetlands,Habitat quality,Habitat,Water,,8
activity,Individual,Behavior,Activity,,7
sleep,Individual,Behavior,Activity,,5
aggressiveness,Individual,Behavior,Cognition,,1
cognition,Individual,Behavior,Cognition,,17
flight orientation,Individual,Behavior,Cognition,,1
flight time,Individual,Behavior,Cognition,,1
learning,Individual,Behavior,Cognition,,15
memory,Individual,Behavior,Cognition,,13
navigation,Individual,Behavior,Cognition,,15
olfactary signals,Individual,Behavior,Cognition,,1
olfaction,Individual,Behavior,Cognition,,3
olfactory learning,Individual,Behavior,Cognition,,1
orientation,Individual,Behavior,Cognition,,7
recognition,Individual,Behavior,Cognition,,1
spatial disorientation,Individual,Behavior,Cognition,,2
visual signals,Individual,Behavior,Cognition,,1
calling,Individual,Behavior,Communication,,1
communication,Individual,Behavior,Communication,,6
personality,Individual,Behavior,Communication,,1
signaling,Individual,Behavior,Communication,,2
social behavior,Individual,Behavior,Communication,,1
social interactions,Individual,Behavior,Communication,,1
sociality,Individual,Behavior,Communication,,1
carrion colonization,Individual,Behavior,Food acquisition,,1
consumption,Individual,Behavior,Food acquisition,,3
feeding,Individual,Behavior,Food acquisition,,14
feeding behavior,Individual,Behavior,Food acquisition,,1
flower choice,Individual,Behavior,Food acquisition,,1
flower visiting,Individual,Behavior,Food acquisition,,1
food consumption,Individual,Behavior,Food acquisition,,1
food intake,Individual,Behavior,Food acquisition,,1
foraging,Individual,Behavior,Food acquisition,,49
foraging activity,Individual,Behavior,Food acquisition,,3
foraging behavior,Individual,Behavior,Food acquisition,,2
foraging efficiency,Individual,Behavior,Food acquisition,,2
foraging success,Individual,Behavior,Food acquisition,,5
foraging time,Individual,Behavior,Food acquisition,,11
homing,Individual,Behavior,Food acquisition,,5
host finding,Individual,Behavior,Food acquisition,,1
predation ability,Individual,Behavior,Food acquisition,,1
brood care,Individual,Behavior,Hygiene,,2
grooming,Individual,Behavior,Hygiene,,1
hive defense,Individual,Behavior,Hygiene,,1
hygenic behavior,Individual,Behavior,Hygiene,,1
dispersal,Individual,Behavior,Movement,,1
flight to light,Individual,Behavior,Movement,,6
locomotion,Individual,Behavior,Movement,,3
migration,Individual,Behavior,Movement,,4
movement,Individual,Behavior,Movement,,4
diapause,Individual,Behavior,Overwintering,,10
dormancy,Individual,Behavior,Overwintering,,2
overwintering,Individual,Behavior,Overwintering,,3
attraction,Individual,Behavior,Reproductive behavior,,1
courtship,Individual,Behavior,Reproductive behavior,,4
courtship behavior,Individual,Behavior,Reproductive behavior,,1
egg laying,Individual,Behavior,Reproductive behavior,,3
male attraction,Individual,Behavior,Reproductive behavior,,1
mate finding,Individual,Behavior,Reproductive behavior,,1
mating,Individual,Behavior,Reproductive behavior,,1
mating behavior,Individual,Behavior,Reproductive behavior,,1
oviposition,Individual,Behavior,Reproductive behavior,,4
thermoregulation,Individual,Behavior,Thermoregulation,,4
behavior,Individual,Behavior,General behavior,,36
worker behavior,Individual,Behavior,General behavior,,1
adult health,Individual,Health,Health,,1
bee health,Individual,Health,Health,,1
bee nutrition,Individual,Health,Health,,1
health,Individual,Health,Health,,65
hypoglucosemia,Individual,Health,Health,,2
individual health,Individual,Health,Health,,8
malnutrition,Individual,Health,Health,,1
nutrition,Individual,Health,Health,,70
nutritional stress,Individual,Health,Health,,1
performance,Individual,Health,Health,,4
poor nutrition,Individual,Health,Health,,2
queen health,Individual,Health,Health,,1
anti viral defense,Individual,Immune function,Immune function,,2
anti viral responses,Individual,Immune function,Immune function,,2
immune defense,Individual,Immune function,Immune function,,9
immune function,Individual,Immune function,Immune function,,38
immune response,Individual,Immune function,Immune function,,23
immune system,Individual,Immune function,Immune function,,3
immunity,Individual,Immune function,Immune function,,5
immunocompetence,Individual,Immune function,Immune function,,1
parasite defense,Individual,Immune function,Immune function,,2
parasite response,Individual,Immune function,Immune function,,2
susceptibility to pathogens,Individual,Immune function,Immune function,,1
dehydration,Individual,Mortality,Mortality,,1
dessication,Individual,Mortality,Mortality,,2
emergence,Individual,Mortality,Mortality,,1
emergence success,Individual,Mortality,Mortality,,1
exhaustion,Individual,Mortality,Mortality,,4
individual survival,Individual,Mortality,Mortality,,1
overheating,Individual,Mortality,Mortality,,1
overwinter survival,Individual,Mortality,Mortality,,1
queen survival,Individual,Mortality,Mortality,,1
starvation,Individual,Mortality,Mortality,,1
survival,Individual,Mortality,Mortality,,168
development,Individual,Physiology,Growth,,27
development time,Individual,Physiology,Growth,,6
emergence time,Individual,Physiology,Growth,,1
growth,Individual,Physiology,Growth,,9
growth rate,Individual,Physiology,Growth,,3
larval development,Individual,Physiology,Growth,,3
larval development time,Individual,Physiology,Growth,,1
pols,Individual,Physiology,Growth,,1
queen growth,Individual,Physiology,Growth,,1
life span,Individual,Physiology,Life span,,10
longevity,Individual,Physiology,Life span,,3
gut microbiome,Individual,Physiology,Microbiome,,15
gut microbiota,Individual,Physiology,Microbiome,,11
microbial extinction,Individual,Physiology,Microbiome,,2
microbiome,Individual,Physiology,Microbiome,,13
microbiota,Individual,Physiology,Microbiome,,10
midgut composition,Individual,Physiology,Microbiome,,1
flight,Individual,Physiology,Movement capability,,8
flight performance,Individual,Physiology,Movement capability,,1
flight period,Individual,Physiology,Movement capability,,1
mobility,Individual,Physiology,Movement capability,,1
motility,Individual,Physiology,Movement capability,,1
motor function,Individual,Physiology,Movement capability,,3
movement,Individual,Physiology,Movement capability,,4
wing morphology,Individual,Physiology,Movement capability,,1
brain function,Individual,Physiology,Physiology,,1
circadian rhythm,Individual,Physiology,Physiology,,2
cuticle,Individual,Physiology,Physiology,,1
cuticular hydrocarbons,Individual,Physiology,Physiology,,2
detoxification,Individual,Physiology,Physiology,,4
diet breadth,Individual,Physiology,Physiology,,1
digestion,Individual,Physiology,Physiology,,5
digestive health,Individual,Physiology,Physiology,,1
gene expression,Individual,Physiology,Physiology,,5
hormones,Individual,Physiology,Physiology,,3
melatonin,Individual,Physiology,Physiology,,2
metabolism,Individual,Physiology,Physiology,,8
morphology,Individual,Physiology,Physiology,,5
night vision,Individual,Physiology,Physiology,,1
oxidative stress,Individual,Physiology,Physiology,,2
pheremone perception,Individual,Physiology,Physiology,,1
pheremone production,Individual,Physiology,Physiology,,2
physiology,Individual,Physiology,Physiology,,12
plant volatile detection,Individual,Physiology,Physiology,,1
sex pheromones,Individual,Physiology,Physiology,,1
temporal disorientation,Individual,Physiology,Physiology,,20
vision,Individual,Physiology,Physiology,,1
body length,Individual,Physiology,Size,,1
body size,Individual,Physiology,Size,,4
mass,Individual,Physiology,Size,,2
queen weight,Individual,Physiology,Size,,2
size,Individual,Physiology,Size,,21
weight,Individual,Physiology,Size,,2
weight gain,Individual,Physiology,Size,,1
brood amount,Individual,Reproduction,Reproduction,,1
brood development,Individual,Reproduction,Reproduction,,4
brood emergence,Individual,Reproduction,Reproduction,,1
brood health,Individual,Reproduction,Reproduction,,1
brood number,Individual,Reproduction,Reproduction,,1
brood size,Individual,Reproduction,Reproduction,,1
broods,Individual,Reproduction,Reproduction,,2
fecundity,Individual,Reproduction,Reproduction,,7
fertility,Individual,Reproduction,Reproduction,,5
fitness,Individual,Reproduction,Reproduction,,41
nest building,Individual,Reproduction,Reproduction,,1
nest occurance,Individual,Reproduction,Reproduction,,1
nest quality,Individual,Reproduction,Reproduction,,8
nesting,Individual,Reproduction,Reproduction,,9
number of brood cells,Individual,Reproduction,Reproduction,,1
number of broods,Individual,Reproduction,Reproduction,,1
number of nesting bees,Individual,Reproduction,Reproduction,,1
number of nests,Individual,Reproduction,Reproduction,,1
offspring,Individual,Reproduction,Reproduction,,1
offspring abundance,Individual,Reproduction,Reproduction,,1
offspring size,Individual,Reproduction,Reproduction,,1
queen fecundity,Individual,Reproduction,Reproduction,,1
queen production,Individual,Reproduction,Reproduction,,2
queen reproduction,Individual,Reproduction,Reproduction,,2
reproduction,Individual,Reproduction,Reproduction,,32
sex ratio,Individual,Reproduction,Reproduction,,4
spawning,Individual,Reproduction,Reproduction,,1
sperm count,Individual,Reproduction,Reproduction,,1
sperm production,Individual,Reproduction,Reproduction,,2
sperm quality,Individual,Reproduction,Reproduction,,2
sperm viability,Individual,Reproduction,Reproduction,,2
sterility,Individual,Reproduction,Reproduction,,3
viability,Individual,Reproduction,Reproduction,,1
commercial bees,Agriculture,Agriculture,Beekeeping,,2
insect farms,Agriculture,Agriculture,Beekeeping,,1
managed bees,Agriculture,Agriculture,Beekeeping,,56
managed pollinators,Agriculture,Agriculture,Beekeeping,,3
pollinator management,Agriculture,Agriculture,Beekeeping,,4
agricultural intensification,Agriculture,Agriculture,General agriculture,,259
agriculture,Agriculture,Agriculture,General agriculture,,35
crops,Agriculture,Agriculture,General agriculture,,7
farm turnover,Agriculture,Agriculture,General agriculture,,1
industrialized agriculture,Agriculture,Agriculture,General agriculture,,14
gmos,Agriculture,Agriculture,GMOs,,10
transgenic crops,Agriculture,Agriculture,GMOs,,2
intensified pastures,Agriculture,Agriculture,Pastures and livestock,,3
livestock,Agriculture,Agriculture,Pastures and livestock,,3
pastures,Agriculture,Agriculture,Pastures and livestock,,7
Agriculture runoff,Agriculture,Agriculture,Agriculture runoff,,8
aquaculture,Other industry,Aquaculture ,Aquaculture ,,1
wind turbines,Other industry,energy production,wind,,1
energy production,Other industry,energy production,Unspecific energy production,,1
agroforestry,Other industry,Forestry,Forestry,,3
commercial forestry,Other industry,Forestry,Forestry,,1
forest plantation,Other industry,Forestry,Forestry,,3
silviculture,Other industry,Forestry,Forestry,,1
tree plantations,Other industry,Forestry,Forestry,,4
mining,Other industry,Mining,Mining,,5
industrialization,Other industry,Industry,Industry,,1
edge density,Land use change,Habitat characteristics,Edge effects,,1
edge effects,Land use change,Habitat characteristics,Edge effects,,2
edge length,Land use change,Habitat characteristics,Edge effects,,2
edges,Land use change,Habitat characteristics,Edge effects,,3
connectivity,Land use change,Habitat characteristics,Land configuration,,5
land cover,Land use change,Habitat characteristics,Land configuration,,1
landscape complexity,Land use change,Habitat characteristics,Land configuration,,27
landscape configuration,Land use change,Habitat characteristics,Land configuration,,2
landscape connectivity,Land use change,Habitat characteristics,Land configuration,,2
landscape context,Land use change,Habitat characteristics,Land configuration,,3
landscape diversity,Land use change,Habitat characteristics,Land configuration,,1
patch density,Land use change,Habitat characteristics,Land configuration,,1
patch size,Land use change,Habitat characteristics,Land configuration,,2
clear cut,Land use change,Habitat loss,Deforestation,,4
deforestation,Land use change,Habitat loss,Deforestation,,41
forest dieback,Land use change,Habitat loss,Deforestation,,4
forest loss,Land use change,Habitat loss,Deforestation,,5
old growth forest loss,Land use change,Habitat loss,Deforestation,,2
forest fragmentation,Land use change,Habitat loss,Habitat fragmentation,,2
fragmentation,Land use change,Habitat loss,Habitat fragmentation,,60
habitat fragmentation,Land use change,Habitat loss,Habitat fragmentation,,25
habitat isolation,Land use change,Habitat loss,Habitat fragmentation,,20
environmental destruction,Land use change,Habitat loss,Habitat loss,,1
habitat destruction,Land use change,Habitat loss,Habitat loss,,7
habitat loss,Land use change,Habitat loss,Habitat loss,,296
forest succession,Land use change,Habitat modification,Reforestation,,1
afforestation,Land use change,Habitat modification,Reforestation,,1
grazing,Land use change,Habitat modification,Grazing and mowing,,24
heavy grazing,Land use change,Habitat modification,Grazing and mowing,,2
moderate grazing,Land use change,Habitat modification,Grazing and mowing,,1
mowing,Land use change,Habitat modification,Grazing and mowing,,27
overgrazing,Land use change,Habitat modification,Grazing and mowing,,3
patch-burn grazing,Land use change,Habitat modification,Grazing and mowing,,1
silage,Land use change,Habitat modification,Grazing and mowing,,4
acidification,Land use change,Habitat modification,habitat degradation,,1
degradation,Land use change,Habitat modification,habitat degradation,,2
environmental degradation,Land use change,Habitat modification,habitat degradation,,1
forest degradation,Land use change,Habitat modification,habitat degradation,,1
habitat degradation,Land use change,Habitat modification,habitat degradation,,41
soil acidification,Land use change,Habitat modification,habitat degradation,,2
habitat homogenization,Land use change,Habitat modification,habitat homogenization,,9
homogenization,Land use change,Habitat modification,habitat homogenization,,9
landscape simplification,Land use change,Habitat modification,habitat homogenization,,1
monocultures,Land use change,Habitat modification,habitat homogenization,,33
logging,Land use change,Habitat modification,Logging,,26
selective logging,Land use change,Habitat modification,Logging,,4
timber harvest,Land use change,Habitat modification,Logging,,1
conservation,Land use change,Habitat modification,Management,,1
fire suppression,Land use change,Habitat modification,Management,,1
land management,Land use change,Habitat modification,Management,,6
management,Land use change,Habitat modification,Management,,2
poor management,Land use change,Habitat modification,Management,,1
restoration,Land use change,Habitat modification,Management,,3
ploughing,Land use change,Habitat modification,Tillage,,1
plowing,Land use change,Habitat modification,Tillage,,1
tilling,Land use change,Habitat modification,Tillage,,20
tilling intensity,Land use change,Habitat modification,Tillage,,3
eutrophication,Land use change,Habitat modification,Water pollution,,11
siltation,Land use change,Habitat modification,Water pollution,,2
channelization,Land use change,Habitat modification,Hydrologic change,,5
daming,Land use change,Habitat modification,Hydrologic change,,1
dams,Land use change,Habitat modification,Hydrologic change,,1
drainage,Land use change,Habitat modification,Hydrologic change,,6
habitat alteration,Land use change,Habitat modification,Unspecific habitat modification,,1
habitat change,Land use change,Habitat modification,Unspecific habitat modification,,10
habitat modification,Land use change,Habitat modification,Unspecific habitat modification,,3
habitat supplementation,Land use change,Habitat modification,Unspecific habitat modification,,1
land abandonment,Land use change,Habitat modification,Unspecific habitat modification,,1
land conversion,Land use change,Habitat modification,Unspecific habitat modification,,1
river flow regulation,Land use change,Habitat modification,Hydrologic change,,1
land use change,Land use change,Unspecific land use change,Unspecific land use change,,25
Biological control,Non-native species,Non-native animals,Non-native animals,,2
insect invasion,Non-native species,Non-native animals,Non-native animals,,1
invasive animal,Non-native species,Non-native animals,Non-native animals,,1
invasive animals,Non-native species,Non-native animals,Non-native animals,,1
invasive bees,Non-native species,Non-native animals,Non-native animals,,1
invasive enemies,Non-native species,Non-native animals,Non-native animals,,2
invasive insects,Non-native species,Non-native animals,Non-native animals,,7
invasive mites,Non-native species,Non-native animals,Non-native animals,,2
invasive pollinators,Non-native species,Non-native animals,Non-native animals,,1
non native animals,Non-native species,Non-native animals,Non-native animals,,3
non native ants,Non-native species,Non-native animals,Non-native animals,,5
non native insects,Non-native species,Non-native animals,Non-native animals,,11
non-native a. mellifera,Non-native species,Non-native animals,Non-native animals,,2
non-native earthworms,Non-native species,Non-native animals,Non-native animals,,2
non-native insects,Non-native species,Non-native animals,Non-native animals,,1
exotic plants,Non-native species,Non-native plants,Non-native plants,,1
horticulture,Non-native species,Non-native plants,Non-native plants,,1
invasive plants,Non-native species,Non-native plants,Non-native plants,,20
non native plants,Non-native species,Non-native plants,Non-native plants,,9
non native trees,Non-native species,Non-native plants,Non-native plants,,1
ornamental plants,Non-native species,Non-native plants,Non-native plants,,7
alien species,Non-native species,Unspecific non-native species,Unspecific non-native species,,2
biological invasion,Non-native species,Unspecific non-native species,Unspecific non-native species,,2
exotic species,Non-native species,Unspecific non-native species,Unspecific non-native species,,1
introduced species,Non-native species,Unspecific non-native species,Unspecific non-native species,,2
invasive species,Non-native species,Unspecific non-native species,Unspecific non-native species,,67
invasive species,Non-native species,Unspecific non-native species,Unspecific non-native species,,67
invasive species removal,Non-native species,Unspecific non-native species,Unspecific non-native species,,12
non native species,Non-native species,Unspecific non-native species,Unspecific non-native species,,8
non-native species,Non-native species,Unspecific non-native species,Unspecific non-native species,,5
globalization,Other,Other,Other,,23
ww2,Other,Other,Other,,5
hunting,Overexploitation,Overexploitation,Overexploitation,,3
overexploitation,Overexploitation,Overexploitation,Overexploitation,,6
overhunting,Overexploitation,Overexploitation,Overexploitation,,1
contact with pathogens,Pathogens,Pathogens,Pathogens,,2
disease,Pathogens,Pathogens,Pathogens,,83
disease transmission,Pathogens,Pathogens,Pathogens,,2
dispersal of pathogens,Pathogens,Pathogens,Pathogens,,2
entomopathogenic fungi,Pathogens,Pathogens,Pathogens,,12
mismatch with pathogens,Pathogens,Pathogens,Pathogens,,2
pathogen exposure,Pathogens,Pathogens,Pathogens,,2
pathogens,Pathogens,Pathogens,Pathogens,,108
virus,Pathogens,Pathogens,Pathogens,,3
viruses,Pathogens,Pathogens,Pathogens,,25
air pollution,Pollution,Air pollution,Air pollution,,6
anthropogenic volatile pollutants,Pollution,Air pollution,Air pollution,,2
atmoshperic particulate matter,Pollution,Air pollution,Air pollution,,5
atmospheric deposition,Pollution,Air pollution,Air pollution,,5
diesel exhaust,Pollution,Air pollution,Air pollution,,1
emf,Pollution,Air pollution,Air pollution,,9
exhaust,Pollution,Air pollution,Air pollution,,5
fine particulate matter,Pollution,Air pollution,Air pollution,,2
fossil fuels,Pollution,Air pollution,Air pollution,,4
o3,Pollution,Air pollution,Air pollution,,1
alan,Pollution,Light pollution,Light pollution,,93
light attraction,Pollution,Light pollution,Light pollution,,12
light pollution,Pollution,Light pollution,Light pollution,,33
sky glow,Pollution,Light pollution,Light pollution,,1
heavy metals,Pollution,Metal pollution,Metal pollution,,19
metal pollution,Pollution,Metal pollution,Metal pollution,,5
noise pollution,Pollution,Noise pollution,Noise pollution,,1
n deposition,Pollution,nutrient enrichment,Nitrogen,,6
n enrichment,Pollution,nutrient enrichment,Nitrogen,,52
n fertilization,Pollution,nutrient enrichment,Nitrogen,,3
nitrification,Pollution,nutrient enrichment,Nitrogen,,8
nitrogen deposition,Pollution,nutrient enrichment,Nitrogen,,15
p enrichment,Pollution,nutrient enrichment,Phosphorus,,3
nutrient enrichment,Pollution,nutrient enrichment,Unspecific nutrient enrichment,,3
inert ingredients,Pollution,Other pollution,Other pollution,,2
microplastics,Pollution,Other pollution,Other pollution,,1
persistent bioaccumulative toxic chemicals,Pollution,Other pollution,Other pollution,,2
plastics,Pollution,Other pollution,Other pollution,,8
toxins,Pollution,Other pollution,Other pollution,,2
acaricides,Pollution,Pesticide,acaricide,,3
bifenazate,Pollution,Pesticide,Acaricide,,1
bacterial biopesticides,Pollution,Pesticide,Biopesticide,,3
neem,Pollution,Pesticide,Biopesticide,,1
biopesticides,Pollution,Pesticide,Biopesticides,,3
essential oils,Pollution,Pesticide,Biopesticides,,4
neems,Pollution,Pesticide,Biopesticides,,3
phenolics,Pollution,Pesticide,Biopesticides,,1
fertilizer,Pollution,Pesticide,Fertilizer,,9
fertilizers,Pollution,Pesticide,Fertilizer,,23
fungicides,Pollution,Pesticide,Fungicide,,32
atrazine,Pollution,Pesticide,Herbicide,,1
glyphosate,Pollution,Pesticide,Herbicide,,13
herbicides,Pollution,Pesticide,Herbicide,,57
neonicotinoids,Pollution,Pesticide,Insecticide,Neonicotinoid,139
organochlorine insecticides,Pollution,Pesticide,Insecticide,Organochlorine,1
acephate,Pollution,Pesticide,Insecticide,Organophosphate,1
coumaphos,Pollution,Pesticide,Insecticide,Organophosphate,3
diazinon,Pollution,Pesticide,Insecticide,Organophosphate,1
dimethoate,Pollution,Pesticide,Insecticide,Organophosphate,1
naled,Pollution,Pesticide,Insecticide,Organophosphate,2
organophosphate pesticide,Pollution,Pesticide,Insecticide,Organophosphate,1
organophosphorus pesticides,Pollution,Pesticide,Insecticide,Organophosphate,2
fipronil,Pollution,Pesticide,Insecticide,Phenylpyrazole,4
bifenthrin,Pollution,Pesticide,Insecticide,Pyrethroid,7
cypermethrin,Pollution,Pesticide,Insecticide,Pyrethroid,1
deltamethrin,Pollution,Pesticide,Insecticide,Pyrethroid,1
pyrethroids,Pollution,Pesticide,Insecticide,Pyrethroid,12
chlorfenapyr,Pollution,Pesticide,Insecticide,Pyrroles,1
abamectin,Pollution,Pesticide,Insecticide,,1
alkaloids,Pollution,Pesticide,Insecticide,,1
amitraz,Pollution,Pesticide,Insecticide,,2
avermectins,Pollution,Pesticide,Insecticide,,2
azadirachtin,Pollution,Pesticide,Insecticide,,7
chlorantraniliprole,Pollution,Pesticide,Insecticide,,1
chlorpyrifos,Pollution,Pesticide,Insecticide,,4
fenitrothion,Pollution,Pesticide,Insecticide,,1
flupyradifurone,Pollution,Pesticide,Insecticide,,9
igrs,Pollution,Pesticide,Insecticide,,1
insecticides,Pollution,Pesticide,Insecticide,,53
spinosad,Pollution,Pesticide,Insecticide,,3
spinosyns,Pollution,Pesticide,Insecticide,,13
sulfoxaflor,Pollution,Pesticide,Insecticide,,8
miticides,Pollution,Pesticide,miticide,,10
agrochemicals,Pollution,Pesticide,Unspecific pesticides,,48
nbp,Pollution,Pesticide,Unspecific pesticides,,1
pesticide,Pollution,Pesticide,Unspecific pesticides,,2
pesticides,Pollution,Pesticide,Unspecific pesticides,,222
synthetic pesticides,Pollution,Pesticide,Unspecific pesticides,,1
pollutants,Pollution,Unspecific pollution,Unspecific pollution,,4
pollution,Pollution,Unspecific pollution,Unspecific pollution,,32
abundance,Population,Abundance,Abundance,,155
biomass,Population,Abundance,Abundance,,6
density,Population,Abundance,Abundance,,5
detections,Population,Abundance,Abundance,,1
frequency,Population,Abundance,Abundance,,1
individual density,Population,Abundance,Abundance,,7
biodiversity,Population,Diversity,Diversity,,38
coexistence,Population,Diversity,Diversity,,2
community,Population,Diversity,Diversity,,2
community composition,Population,Diversity,Diversity,,7
community shifts,Population,Diversity,Diversity,,1
community structure,Population,Diversity,Diversity,,1
diversity,Population,Diversity,Diversity,,72
richness,Population,Diversity,Diversity,,82
species composition,Population,Diversity,Diversity,,12
species density,Population,Diversity,Diversity,,6
adult population,Population,Population,Population,,1
decline,Population,Population,Population,,5
declines,Population,Population,Population,,747
extinction,Population,Population,Population,,26
extinction debt,Population,Population,Population,,1
extinction risk,Population,Population,Population,,12
extirpation,Population,Population,Population,,9
persistence,Population,Population,Population,,1
population,Population,Population,Population,,110
Populations,Population,Population,Population,,13
resiliency,Population,Population,Population,,1
distributional change,Population,Spatial range,Spatial range,,45
upslope distributional change,Population,Spatial range,Spatial range,,7
phenological shifts,Population,Temporal range,Temporal range,,6
phenology,Population,Temporal range,Temporal range,,2
collision,Urbanization,Roads,Roads,,4
roads,Urbanization,Roads,Roads,,3
traffic,Urbanization,Roads,Roads,,2
vehicle strikes,Urbanization,Roads,Roads,,2
vehicles,Urbanization,Roads,Roads,,3
urban densification,Urbanization,urban densification,urban densification,,1
urban intensification,Urbanization,urban densification,urban densification,,1
urbanization intensification,Urbanization,urban densification,urban densification,,1
urban sprawl,Urbanization,urban sprawl,urban sprawl,,2
heat island,Urbanization,Unspecific urbanization,Unspecific urbanization,,10
urban,Urbanization,Unspecific urbanization,Unspecific urbanization,,11
urbanization,Urbanization,Unspecific urbanization,Unspecific urbanization,,156